code,remarque1,nom,ad1,ad2,ad3,telephone,email
C00001,association,Association perm'ETRE 66,"Mairie d'Alénya, Place de la République",66200,Alénya,07 65 22 01 13,etrealenya@gmail.com
C00003,Collectivité,Communauté de communes ACVI,"3, impasse de Charlemagne, BP 90103,66704,Argelès-sur-Mer",04 68 50 28 91,myriam.monedero@cc-acvi.com
C00004,association,LES JARDINS FAMILIAUX DE SANT JOAN,sq Guy Male,66490,ST JEAN PLA DE CORTS,,marinamalle66@gmail.com
C00005,Université,Université de Perpignan Via Domitia,"52, avenue Paul Alduy",66860,Perpignan,N: 91 66 PO 832 66,
C00006,,"Communauté de communes du Vallespir, Festival ARAVIA",2 Av. du Vallespir,66400,Ceret,,
C00007,syndicat mixte,SYM Pyrénées-Méditerranée,23 Rue de la Sardane,66000,Perpignan,,
C00008,Institution,Maison de la vallée d'Eyne,cal Martinet,66800,Eyne,04.68.04.97.05,
C00009,,Formation Plus Mediterannée,32 Bd Jean Bourrat,66000,Perpignan,,
C00010,Collectivité,Médiathèque de Saint Nazaire,Place de la république,66570,Saint Nazaire,04.68.66.14.69,
C00011,association,ESAT LE MONA,40 Route de Fourques,66300,Tordères,,
C00012,association,LES ARTS BUISSONNIERS,12 AVENUE DU ROUSSILLON ,66300,FOURQUES,,
C00013,association,Alternatiba 66,26 rue de l’Avenir,66000,Perpignan,,
C00014,association,Le Maillon Solidaire,24 impasse des amandiers,66690,Sorède,,
C00015,association,TROBADA,2 RUE DES CORTALETS,66400,CERET,,
C00016,Association,Collège Les Lucioles,8 Rue des Écoles,66320,Marquixane,,
C00017,Association,FRANCAS des PO,3 avenue de Belfort,66000,Perpignan,04 68 54 60 44,secretariat@francas66.fr
C00018,Entreprise,Domaine Boucabeille,Rd 614 Domaine Boucabeille,66550,Corneilla-la-Rivière,,
C00019,,Les arts buissonniers,12 avenue du Roussillon,66300,Fourques,04 68 57 36 56,contact@les-arts-buissonniers.fr
